CustomerID,CustomerName,Segment,Country,City,State,PostalCode
C001,Alexandra Berger,Corporate,Mexico,Jennifermouth,AK,38520
C002,Peter Sanders,Corporate,Mexico,Port Jeffrey,TX,60893
C003,Sue Cooper,Consumer,Mexico,East Richard,AZ,36492
C004,Tara Davis,Consumer,Mexico,South Janice,IN,74333
C005,Tracy Craig,Consumer,Mexico,Smithport,DC,90986
C006,Sheila Harris,Corporate,Mexico,East Williambury,MD,44298
C007,Christina Burke,Consumer,Mexico,New Walter,DE,70296
C008,Matthew Dyer,Corporate,Mexico,Edwardsbury,PA,37244
C009,Terry Sanchez,Consumer,Mexico,Thomashaven,AZ,59994
C010,Jesse Cuevas,Home Office,Mexico,Port Deanna,AL,94700
C011,James Price,Home Office,Mexico,New Jonathan,NV,93450
C012,Karen Hayes,Consumer,Mexico,North Thomas,CA,95268
C013,Dominic Thomas,Corporate,Mexico,Port Kathrynshire,MN,43253
C014,William Glenn,Consumer,Mexico,Matthewview,WV,71096
C015,Edwin Haynes,Consumer,Mexico,Port Brianborough,DE,17848
C016,Russell Alvarez,Home Office,Mexico,South Veronicaberg,UT,46534
C017,Christopher Smith,Home Office,Mexico,Pratttown,WY,78017
C018,Kevin Cannon,Corporate,Mexico,Millerborough,AZ,98503
C019,Christopher Foster,Corporate,Mexico,Hamiltonside,AR,73654
C020,Jodi Williams,Corporate,Mexico,Spencerport,LA,65465
C021,Krista Simmons,Corporate,Mexico,South Robertburgh,IL,69388
C022,Jimmy Hamilton,Corporate,Mexico,North Daniel,HI,27392
C023,Dr. Brian Warner,Home Office,Mexico,East Christopherstad,AZ,59324
C024,Jeffrey Gomez,Corporate,Mexico,West Cody,MI,89791
C025,Nicholas Bishop,Consumer,Mexico,New Richard,IN,44449
C026,Amanda Reynolds,Consumer,Mexico,Danielleport,AR,50484
C027,Christine Garcia,Home Office,Mexico,Sanderschester,KY,17956
C028,Tyler Cooper,Home Office,Mexico,South Jennifer,WA,84585
C029,Luis York,Corporate,Mexico,Mooreview,UT,12275
C030,Mary Stark,Home Office,Mexico,South Douglashaven,NV,91190
C031,Denise Velazquez,Corporate,Mexico,Bryanchester,AK,26983
C032,Brandon Lowe,Home Office,Mexico,North Johnton,HI,62675
C033,Kristin Phelps,Home Office,Mexico,Arnoldburgh,VT,98491
C034,Richard Reed,Home Office,Mexico,New Erikside,NV,70955
C035,Ruth Snyder,Home Office,Mexico,Willismouth,PA,65662
C036,Maxwell Dillon,Home Office,Mexico,New Vickibury,NM,47646
C037,Thomas Moore,Consumer,Mexico,Johnsonhaven,KS,05086
C038,Cory Hill,Home Office,Mexico,New Leroychester,OR,50329
C039,Misty Mullins,Corporate,Mexico,South Christopher,OH,88446
C040,Jared Christian,Home Office,Mexico,Dianemouth,KS,70152
C041,Jeremy Howard,Home Office,Mexico,Kennethfort,MA,74661
C042,Dawn Mcdonald,Corporate,Mexico,Wademouth,MN,09185
C043,Danielle Mcmillan,Corporate,Mexico,Cynthiachester,MO,14609
C044,Daniel Jones,Consumer,Mexico,South Teresaborough,RI,22362
C045,Heather Goodman,Corporate,Mexico,New John,TN,27669
C046,Charles Pope,Corporate,Mexico,Zacharyborough,NE,27091
C047,Evelyn Rice,Home Office,Mexico,Port Christopher,VA,19954
C048,William Lawrence,Consumer,Mexico,Port David,MA,53392
C049,Kristin Robinson,Consumer,Mexico,North Thomas,NV,69134
C050,Sara Wallace,Corporate,Mexico,Knightfurt,CT,08810
C051,Karen Hayes,Consumer,Mexico,Blackwellchester,KY,93672
C052,Joshua Cross,Consumer,Mexico,Pearsonchester,PA,19489
C053,David Palmer,Home Office,Mexico,Hoodberg,ID,05115
C054,Mike Barker,Corporate,Mexico,South Amy,WY,35011
C055,Joseph Anderson,Corporate,Mexico,Lisaborough,WI,65843
C056,Monique Savage,Home Office,Mexico,Brownberg,AR,83947
C057,Angela Martin,Consumer,Mexico,South Josephland,TN,79409
C058,Gregory Christensen,Home Office,Mexico,North Steven,MA,16976
C059,Thomas Adkins,Home Office,Mexico,Deannachester,NV,59269
C060,James Conley,Corporate,Mexico,Stephenburgh,HI,14994
C061,Jennifer Mitchell,Corporate,Mexico,West Jay,AR,45240
C062,Michelle Harrington,Corporate,Mexico,Anneland,GA,68049
C063,Gilbert Gallegos,Consumer,Mexico,Scottburgh,TX,80795
C064,William Miller,Consumer,Mexico,South William,DC,43493
C065,Rebecca Suarez,Corporate,Mexico,Harrellside,MI,81334
C066,Trevor Jones,Consumer,Mexico,New Dawn,MO,68919
C067,Samantha Howe,Corporate,Mexico,Olsentown,MI,89598
C068,Kelli Nicholson,Home Office,Mexico,Murphystad,VA,90061
C069,Timothy Reid,Corporate,Mexico,West Megan,MO,32776
C070,Kathy Bray,Home Office,Mexico,East Carrie,ND,27245
C071,Benjamin Thomas,Corporate,Mexico,Carlafort,DE,95625
C072,Frederick Miller,Consumer,Mexico,Edwardsberg,TX,53373
C073,Mason Mendoza,Corporate,Mexico,Josephberg,SC,25557
C074,Jenna Hunter,Corporate,Mexico,New Christopherside,NJ,71708
C075,Raymond Garcia,Consumer,Mexico,South Jeffrey,MS,43119
C076,Kent Weaver,Home Office,Mexico,Wilsonburgh,WV,34377
C077,Dana James,Home Office,Mexico,Lake Donna,SD,29431
C078,Jeffrey Ingram,Home Office,Mexico,Rodriguezberg,IN,66191
C079,Jenna Lewis,Consumer,Mexico,Johnsonstad,MI,51587
C080,Ashley Ballard,Home Office,Mexico,Alvarezland,WA,24945
C081,Jessica Weber,Consumer,Mexico,North Richardside,MA,99275
C082,Kerry Peters,Corporate,Mexico,South Tammy,NY,39023
C083,Donna Yu,Home Office,Mexico,Huertaburgh,GA,46421
C084,Jason Fischer,Home Office,Mexico,North Robert,VA,68245
C085,Reginald Adkins,Consumer,Mexico,Bennettmouth,DC,09632
C086,Shari Mills,Home Office,Mexico,Port Dawn,HI,18286
C087,William Schneider,Corporate,Mexico,Carolport,OK,43929
C088,Kelli Parker,Home Office,Mexico,East John,CT,08244
C089,Michelle Zhang,Consumer,Mexico,Reedbury,NC,54020
C090,Katie Jones,Consumer,Mexico,Courtneyside,OH,15985
C091,Donna Evans,Home Office,Mexico,Danielleshire,VA,67432
C092,James Lee,Corporate,Mexico,East Shane,IL,59587
C093,James Frank,Corporate,Mexico,New Brandiland,NH,21488
C094,Ashley Carpenter,Corporate,Mexico,Jacksonmouth,VA,71853
C095,Mary Nichols,Corporate,Mexico,South Jennifer,AR,89085
C096,Stephen Sullivan DDS,Corporate,Mexico,Pricefort,OK,45616
C097,Jesse Stout,Home Office,Mexico,Elizabethborough,VT,21849
C098,Philip Jones,Home Office,Mexico,Tiffanyfurt,LA,79151
C099,Elizabeth Lee,Corporate,Mexico,Lake Christinamouth,HI,17235
C100,Nathan Davis,Consumer,Mexico,Scottview,LA,73201
C101,Dustin Jones,Corporate,Mexico,South Erica,TX,30170
C102,Kim Young,Home Office,Mexico,Kevinton,AR,16566
C103,Jimmy Hudson,Consumer,Mexico,East Trevor,NY,36960
C104,Justin Ramirez,Home Office,Mexico,Haasborough,KS,14653
C105,Alicia Taylor,Home Office,Mexico,Ronaldtown,CA,37250
C106,Misty Hicks,Corporate,Mexico,Austinmouth,WY,99634
C107,John Richards,Home Office,Mexico,West Aaron,RI,22469
C108,Louis Wall,Corporate,Mexico,Ronaldborough,GA,54678
C109,Abigail Ayers,Corporate,Mexico,North Howardview,KY,61218
C110,Michelle Johnson,Consumer,Mexico,Russellfort,CT,42942
C111,Raymond Hendricks,Home Office,Mexico,Palmerborough,NH,04665
C112,Robin Hill,Consumer,Mexico,Port Hectorbury,WI,60215
C113,Paula Gray,Home Office,Mexico,Lake Emily,DE,78729
C114,Erica Lewis,Consumer,Mexico,Jacobville,IN,10083
C115,Gina Reed,Home Office,Mexico,Lake Marco,DC,30739
C116,Connie Robbins,Home Office,Mexico,Fergusonberg,TN,00554
C117,Tina Ryan,Home Office,Mexico,Kellymouth,UT,40849
C118,Robert Benjamin,Home Office,Mexico,Harperburgh,WI,85270
C119,Laura Foster,Corporate,Mexico,Lake Jared,NC,27267
C120,Tina Marsh,Home Office,Mexico,Kimbury,NY,00950
C121,Susan Castro,Corporate,Mexico,North Christine,ME,25806
C122,Ryan Torres,Corporate,Mexico,West Jonathanmouth,MT,63474
C123,William Wood,Corporate,Mexico,South Rose,VT,21692
C124,Chad Little,Consumer,Mexico,Krystalbury,VT,29727
C125,Matthew Figueroa,Home Office,Mexico,Williamsonberg,IN,26889
C126,Brittany Wilson,Home Office,Mexico,North Davidberg,AR,80117
C127,Timothy Jackson,Home Office,Mexico,West Allenchester,CA,91893
C128,Katie Morris,Home Office,Mexico,Amyshire,MS,39997
C129,Lindsey Brown,Corporate,Mexico,Melissafurt,IN,24394
C130,Dawn Barton,Home Office,Mexico,Jasminemouth,PA,45116
C131,Jeremy Lutz,Home Office,Mexico,Katherineside,PA,44274
C132,Jeffrey Baker,Corporate,Mexico,Lake Hannah,WA,54677
C133,Henry Harris,Corporate,Mexico,Jacobburgh,SD,15697
C134,Linda Martinez,Corporate,Mexico,Tinabury,CO,77081
C135,Paula Coleman,Corporate,Mexico,Lake Nataliehaven,MT,29599
C136,Randy Sampson,Home Office,Mexico,North Troy,ME,10608
C137,Judith Mendoza,Corporate,Mexico,North Benjaminhaven,VA,37531
C138,Denise Roberts,Consumer,Mexico,North Ashleyfort,GA,22506
C139,Debra Smith,Corporate,Mexico,New Jacquelinefurt,WI,74861
C140,Pamela Cain,Consumer,Mexico,Barnesshire,WA,43060
C141,Sarah Duncan,Home Office,Mexico,Kylieburgh,MN,64502
C142,Richard Benson,Home Office,Mexico,Williamschester,IA,03413
C143,Donna Williams MD,Corporate,Mexico,Kathrynbury,VT,05156
C144,Anthony Boone,Corporate,Mexico,Riosfurt,DE,48408
C145,Joseph Ramos,Home Office,Mexico,West Claireview,DC,24832
C146,Mrs. Michelle Perez,Home Office,Mexico,Pamelaside,AR,35955
C147,Kevin Mayer,Corporate,Mexico,Port Natasha,NH,10487
C148,Carrie Stuart,Consumer,Mexico,North Jenniferbury,OK,62333
C149,Maria Mendez,Consumer,Mexico,Lake Jeffrey,KS,72521
C150,Audrey Schwartz,Home Office,Mexico,Kimburgh,RI,59880
C151,Mallory Roberts,Home Office,Mexico,Careyberg,NY,94431
C152,Gary House,Consumer,Mexico,North Kathryn,VA,44402
C153,Elizabeth Jones,Home Office,Mexico,North Benjamin,NE,16698
C154,Linda Thomas,Consumer,Mexico,Amandamouth,CA,23444
C155,Natalie Chung,Corporate,Mexico,Jefferyshire,IN,37987
C156,Kelly Chavez,Corporate,Mexico,Christopherport,IA,42748
C157,Margaret Coleman,Consumer,Mexico,Bellbury,AK,40366
C158,Tony White,Home Office,Mexico,Port Brian,WA,83924
C159,Melinda Steele,Consumer,Mexico,Pamelaside,VT,69198
C160,Jennifer Simmons,Corporate,Mexico,Thomasville,RI,44359
C161,Jesus Hughes,Corporate,Mexico,South Jessicachester,NV,90575
C162,Jordan Thompson,Home Office,Mexico,Bryanbury,DC,69552
C163,Lucas Duarte,Home Office,Mexico,Tammyton,WA,96506
C164,Penny Ward,Corporate,Mexico,Lake Kelliport,HI,20141
C165,Thomas Boyer,Home Office,Mexico,Lake Michael,WA,53315
C166,Stacey Roberson,Corporate,Mexico,Port Shannonton,SD,64438
C167,Brianna Hampton,Home Office,Mexico,South Dana,IL,11181
C168,Alexander Lester,Home Office,Mexico,North Christopherstad,CA,87623
C169,James Goodman,Corporate,Mexico,Eatonville,MD,44459
C170,Gina Graham,Consumer,Mexico,Youngfort,AL,35200
C171,Brian Roth,Consumer,Mexico,Corytown,MT,27921
C172,Tracy Peterson,Consumer,Mexico,Brianbury,ID,42996
C173,Maria Krueger,Home Office,Mexico,Lake Adammouth,OR,67906
C174,Richard Wilson,Home Office,Mexico,Port Tyler,NY,03908
C175,Carolyn Adams,Home Office,Mexico,Fisherburgh,DE,96842
C176,Richard Martin,Corporate,Mexico,Christopherland,NC,57922
C177,Mark Hardy,Home Office,Mexico,Gregoryshire,WV,89307
C178,Joseph Graves,Consumer,Mexico,South Kristinafurt,IA,77991
C179,Kelsey Adkins,Home Office,Mexico,East Monique,DE,03330
C180,Evan Payne,Consumer,Mexico,Johnsonmouth,CA,18978
C181,Scott Stewart,Home Office,Mexico,Jeffreyshire,WI,20548
C182,Julia Beck,Corporate,Mexico,Heathtown,NV,23457
C183,Jeffery Wong,Corporate,Mexico,New Danielshire,MD,05678
C184,Elizabeth Espinoza,Corporate,Mexico,Michaeltown,OK,92947
C185,Amanda Taylor,Consumer,Mexico,Rickymouth,LA,68255
C186,John Webster,Corporate,Mexico,Jasonton,IN,19608
C187,Travis Martin,Corporate,Mexico,New Phillip,DE,23577
C188,Nicholas Martin,Home Office,Mexico,North Matthewfort,MD,20341
C189,Alexander Smith,Consumer,Mexico,Frenchview,SC,54940
C190,Susan Esparza,Corporate,Mexico,Steveton,OK,06491
C191,Brittany Perez PhD,Corporate,Mexico,Hallshire,MI,10970
C192,Thomas Little,Home Office,Mexico,Wrightside,IA,65283
C193,Ann English,Corporate,Mexico,South Curtischester,PA,51751
C194,Kathryn Jones,Home Office,Mexico,Snyderberg,CO,72933
C195,Gregory Wood,Corporate,Mexico,Port Christopher,MO,41961
C196,Todd Owens,Home Office,Mexico,South Sarah,KY,09359
C197,Matthew Lewis,Home Office,Mexico,Alexanderside,KS,87548
C198,Tamara Mills,Corporate,Mexico,Port Barbara,CT,69404
C199,Christine Boyer,Home Office,Mexico,Janeborough,WY,83996
C200,Tina Jones,Corporate,Mexico,Jasonfort,WY,57007
C201,William Young,Corporate,Mexico,Pittmanbury,OR,19077
C202,Amanda Rivera,Consumer,Mexico,Charlesstad,IA,77810
C203,John Fleming,Corporate,Mexico,East Peter,DE,57628
C204,James Silva,Home Office,Mexico,Gomezport,WA,63706
C205,Heather Harrison,Corporate,Mexico,Mooreview,NV,65623
C206,Cheryl Smith,Corporate,Mexico,Lake Joshuastad,GA,40312
C207,Kayla Gray,Corporate,Mexico,Williamport,DC,36278
C208,Christopher Lopez,Consumer,Mexico,New Danny,NH,16686
C209,Daniel Hodge,Home Office,Mexico,New Michele,OR,13076
C210,Mrs. Amy Crawford,Consumer,Mexico,Lake Cheryl,CO,32345
C211,Whitney Hudson,Consumer,Mexico,East Amy,AR,41860
C212,Dr. Bradley Lopez,Consumer,Mexico,Whitehaven,HI,94365
C213,Eddie Franklin,Home Office,Mexico,Port Brian,AK,59138
C214,David Torres,Consumer,Mexico,Port Summerport,LA,34281
C215,Stephanie Rodriguez,Corporate,Mexico,Woodardside,OK,06663
C216,Ronald Henry,Corporate,Mexico,North Dawn,FL,97663
C217,Kelly Hernandez,Home Office,Mexico,Harveyshire,UT,20885
C218,Linda Hines,Consumer,Mexico,Andrewview,GA,14164
C219,Miranda Nichols,Corporate,Mexico,New Glen,HI,07790
C220,Edwin Nguyen,Home Office,Mexico,South Phillip,SD,22539
C221,Rebecca Johnson,Home Office,Mexico,Phillipsburgh,FL,67234
C222,Cheryl Sanchez,Corporate,Mexico,Lake Jessica,IA,56010
C223,Daniel Smith,Home Office,Mexico,West Danielchester,FL,72778
C224,Danny Travis,Corporate,Mexico,Jameston,WV,08449
C225,Kimberly Garcia,Home Office,Mexico,New Brianna,ME,49380
C226,Mary Rice,Consumer,Mexico,Garyton,ID,36778
C227,Michael Walker,Corporate,Mexico,Thomasburgh,TX,53206
C228,Sarah Boone,Consumer,Mexico,Phillipsville,OH,28319
C229,Emma Phillips,Home Office,Mexico,Port Sean,MI,81550
C230,Samuel Moss,Home Office,Mexico,West Wayneshire,KS,90996
C231,Jennifer Ross,Consumer,Mexico,Port Tracyton,AZ,83042
C232,Connie Hall,Corporate,Mexico,Joneschester,LA,10438
C233,Jacob Brown,Consumer,Mexico,New Sherry,RI,79187
C234,Raymond Koch MD,Corporate,Mexico,Ramirezhaven,TX,12229
C235,Amber Morrison,Home Office,Mexico,Port Ronnieport,WI,31439
C236,Joshua Becker,Home Office,Mexico,South Keith,NH,98600
C237,Alexandra Mitchell,Home Office,Mexico,West Connieberg,NH,75897
C238,Curtis Hernandez II,Consumer,Mexico,Lake Glennport,NY,82386
C239,Connie Robinson,Corporate,Mexico,Carterview,IL,10650
C240,Robert Humphrey,Consumer,Mexico,North Charleschester,NV,71026
C241,Sarah Garcia,Corporate,Mexico,Simston,MT,42306
C242,Amanda Hernandez,Corporate,Mexico,Lake Robert,IN,15363
C243,Richard Smith,Consumer,Mexico,South Thomas,ID,85217
C244,John Parker,Consumer,Mexico,New Leslie,UT,28718
C245,Tim Davis,Corporate,Mexico,East Aaronberg,RI,78240
C246,Richard Smith,Home Office,Mexico,New Louis,WI,70297
C247,Donna Carrillo,Corporate,Mexico,East Zacharyborough,NY,18500
C248,Kevin Rocha,Home Office,Mexico,East Loretta,AL,60353
C249,Diana Jackson,Home Office,Mexico,Barnettchester,MN,08428
C250,Sarah Smith,Corporate,Mexico,North Isabel,OK,44077
C251,Patricia Santos,Home Office,Mexico,East Elijahshire,HI,78008
C252,Kristen Brown,Corporate,Mexico,Lake Jacobchester,KS,49635
C253,Tina Brown,Consumer,Mexico,Brownmouth,OH,05985
C254,Steven Norton,Consumer,Mexico,Castilloview,VA,64535
C255,David Hunt,Consumer,Mexico,Allisonside,OK,64734
C256,Clayton Adams,Home Office,Mexico,West Megan,ND,32008
C257,Christian Mclaughlin,Home Office,Mexico,Sanchezside,WA,29294
C258,Kayla Rose,Home Office,Mexico,Nelsonbury,NV,57635
C259,Mary Leonard,Consumer,Mexico,East Seanstad,WA,34610
C260,Brittany Nelson,Consumer,Mexico,West Alexander,IN,13581
C261,Adam Gardner,Home Office,Mexico,Whitetown,MO,94488
C262,Patricia Berry,Home Office,Mexico,North Angelamouth,ID,70208
C263,Desiree Powell,Corporate,Mexico,New Lauraside,CA,39500
C264,Hannah Rodriguez,Corporate,Mexico,Shawburgh,MS,25100
C265,Jeffery Lopez,Home Office,Mexico,West Michaelberg,CO,18809
C266,Jennifer Henry,Home Office,Mexico,West Devin,NV,53476
C267,Alexis Ramirez,Corporate,Mexico,Lake Erika,DE,88301
C268,Jennifer Nelson,Corporate,Mexico,Tonyaburgh,RI,30684
C269,Matthew Randolph,Consumer,Mexico,Lake Robert,OK,31877
C270,Juan Bishop,Corporate,Mexico,Lake Robertfort,CT,76042
C271,Jamie Griffin,Consumer,Mexico,West Angelashire,TN,37910
C272,Timothy Miller,Consumer,Mexico,Brittanybury,TN,60340
C273,Shannon King,Corporate,Mexico,Lake Kayla,WA,86982
C274,Angela Williams,Consumer,Mexico,New Cheryl,WY,29079
C275,Matthew Smith,Consumer,Mexico,Port Christian,MO,17581
C276,Amanda Robinson,Corporate,Mexico,Fergusonbury,OK,97677
C277,Amanda Gray,Corporate,Mexico,South Robertborough,SC,86766
C278,Daniel Espinoza,Home Office,Mexico,Jonathanstad,NC,65228
C279,Elizabeth Riley,Consumer,Mexico,Lake Denise,AR,47576
C280,Audrey Dunn,Consumer,Mexico,Ruiztown,TX,78274
C281,Eric Klein,Corporate,Mexico,Salazarchester,MD,88378
C282,Vincent Roberts,Corporate,Mexico,Ronnietown,WI,73695
C283,Daniel Myers,Corporate,Mexico,Lake Eric,MT,26847
C284,Tonya Sanders,Corporate,Mexico,North Cindy,OR,46785
C285,Kimberly Howard,Corporate,Mexico,Michelletown,NE,47400
C286,Adam Jones,Corporate,Mexico,Greenmouth,VA,39441
C287,Stephen Larson,Home Office,Mexico,Whitehaven,OK,82941
C288,Nicole Mccann,Home Office,Mexico,South Stephenstad,MS,97913
C289,Sally Lam,Home Office,Mexico,North Veronica,NE,13943
C290,Steven Garcia,Consumer,Mexico,West Cassandra,NC,99005
C291,Michael Morris,Consumer,Mexico,West Justin,IN,60672
C292,Kayla Rodriguez,Home Office,Mexico,Kaiserborough,LA,98458
C293,Tyler Johnson,Corporate,Mexico,Wilkinsborough,AR,12906
C294,Margaret Jacobs,Corporate,Mexico,Jillhaven,MD,00961
C295,Alyssa Reeves,Corporate,Mexico,Frankchester,MN,43632
C296,David Mcpherson,Corporate,Mexico,Cynthiafurt,VT,86418
C297,Kurt Cook,Corporate,Mexico,Roseberg,IL,27311
C298,Dorothy Bush,Corporate,Mexico,New Jesseberg,OK,05101
C299,Reginald Serrano,Consumer,Mexico,New Derrick,OR,86017
C300,Leah Nichols,Consumer,Mexico,Arielland,NH,71032
C301,Todd Gomez,Consumer,Mexico,Edwardchester,OK,87507
C302,Mercedes Harvey,Consumer,Mexico,Lake Christopher,LA,89534
C303,Jeff Wright,Home Office,Mexico,Lake Kevin,NC,93498
C304,Michael Adams,Home Office,Mexico,West Christopherstad,AR,45461
C305,Veronica Young,Corporate,Mexico,West Pamela,PA,51526
C306,Meghan Leon,Home Office,Mexico,Kerrview,WY,99856
C307,Antonio Wilson,Consumer,Mexico,East Michelle,KS,72077
C308,Larry Weaver,Corporate,Mexico,Foxshire,HI,01006
C309,Gina Garcia,Corporate,Mexico,Danaland,ND,32729
C310,Laura Gregory,Consumer,Mexico,Port Earl,TX,60884
C311,David Quinn,Home Office,Mexico,Stephaniemouth,CA,68566
C312,Julie Webb,Corporate,Mexico,Rubiotown,CT,52835
C313,Nicole Joseph,Consumer,Mexico,South Carlyhaven,NH,18445
C314,Aaron Schroeder,Corporate,Mexico,New Frederick,RI,60689
C315,Kari Ayala,Corporate,Mexico,New Mark,GA,07975
C316,Emily Reed,Home Office,Mexico,Collinsfort,NY,75396
C317,Frank James,Corporate,Mexico,East Christopherborough,OR,12364
C318,Stephanie Cunningham,Home Office,Mexico,Martinborough,CT,02921
C319,Michael Williams,Corporate,Mexico,Meganbury,DE,98558
C320,Erika Gonzalez,Consumer,Mexico,West Alexandramouth,VA,03908
C321,Shannon Garcia,Home Office,Mexico,Lake Stacie,MI,42628
C322,Paul Gregory,Corporate,Mexico,Salasbury,SC,22834
C323,Karen Thomas,Consumer,Mexico,Lake Savannah,NY,10238
C324,Jeff Carroll,Home Office,Mexico,Quinnmouth,IA,31943
C325,Mrs. Heidi Smith,Consumer,Mexico,Deannachester,GA,41432
C326,Richard Kerr,Corporate,Mexico,East Patricia,MA,21330
C327,Amber Jones,Corporate,Mexico,Lake Marcus,WI,83453
C328,Alyssa Salas,Corporate,Mexico,Simsbury,MS,24445
C329,Justin Sanchez,Consumer,Mexico,West Kyle,CT,45499
C330,Jonathan Castaneda,Consumer,Mexico,Lynchtown,MA,22711
C331,Jesse Mckee,Corporate,Mexico,Lake Joanna,IA,58951
C332,Maria Rodriguez,Home Office,Mexico,Hallton,TN,96046
C333,Natalie Walton,Home Office,Mexico,Coltonview,NY,42235
C334,Pamela Leach,Consumer,Mexico,Burketown,MO,74820
C335,Sean Sanchez,Consumer,Mexico,Lake Rebecca,MO,88593
C336,Laura Jackson,Corporate,Mexico,East Jacqueline,OR,21714
C337,Ms. Karen Morris DVM,Home Office,Mexico,Port Martin,MO,82197
C338,Daniel Green,Home Office,Mexico,Juliastad,ME,68153
C339,Miranda Turner,Consumer,Mexico,Jonesburgh,KY,50455
C340,Jared Burns,Consumer,Mexico,Tonychester,KY,28402
C341,Billy Jackson,Home Office,Mexico,Mitchellshire,NM,33759
C342,Pamela Jones,Consumer,Mexico,New Richard,NM,93145
C343,Patricia Smith,Consumer,Mexico,West Eugenechester,RI,73800
C344,Matthew Burns,Corporate,Mexico,Port Daleburgh,WY,72103
C345,Johnathan Wheeler,Corporate,Mexico,Marcoberg,MI,42084
C346,Logan Mullins,Consumer,Mexico,Port Shawna,NC,02496
C347,Monica Cooper,Consumer,Mexico,Russellview,GA,94585
C348,Robert Espinoza,Consumer,Mexico,Port Paulfort,HI,80074
C349,Christine Barber,Corporate,Mexico,Port Emily,TX,76609
C350,Olivia Thompson,Consumer,Mexico,Gravesfurt,MN,62722
C351,Ashley Brennan,Consumer,Mexico,Butlertown,NY,22534
C352,Samuel Mejia,Home Office,Mexico,Baileyside,WV,62309
C353,Mary King,Consumer,Mexico,Timothyborough,AK,14473
C354,Peter Jackson,Home Office,Mexico,New Isaac,NH,85738
C355,Tommy Day,Consumer,Mexico,Edwardsmouth,RI,45528
C356,Jacob Nicholson,Home Office,Mexico,Port Marco,NC,30423
C357,Jessica Allison,Consumer,Mexico,Joshuamouth,NM,31585
C358,Randall Smith,Corporate,Mexico,Taraton,PA,84637
C359,Jennifer Williams,Home Office,Mexico,Mariahberg,NM,19680
C360,Ricky Moon,Consumer,Mexico,South Jacobburgh,ME,59555
C361,Jorge Garcia,Consumer,Mexico,Lake Dana,HI,24043
C362,Kathryn Gregory,Home Office,Mexico,Nealstad,IA,37073
C363,Michael Lang,Corporate,Mexico,Scottville,SC,16868
C364,Danielle Nguyen,Consumer,Mexico,South Amanda,ID,16303
C365,Andrew Carroll,Consumer,Mexico,Port Johntown,NH,98083
C366,Steven Hooper,Home Office,Mexico,Lake Jonathan,FL,55956
C367,Melanie Harris,Corporate,Mexico,Port Ryan,VA,67649
C368,William Foley,Corporate,Mexico,Port Michelle,IN,66179
C369,Steven Wright,Consumer,Mexico,Osborneview,ME,57922
C370,Paul Kirby,Consumer,Mexico,Port Peggyfort,NJ,83495
C371,Richard Hayes,Home Office,Mexico,Jonesville,FL,51937
C372,Matthew Berg,Consumer,Mexico,Deannafurt,WA,99174
C373,Mark Scott,Corporate,Mexico,East Katrina,GA,52651
C374,Angela Smith,Consumer,Mexico,Richardland,MN,53694
C375,Kevin Hull,Consumer,Mexico,Jonesmouth,NC,12748
C376,Vernon Frank,Home Office,Mexico,Christopherton,CA,77661
C377,Theresa Turner,Home Office,Mexico,Zamoraton,DC,14302
C378,Jonathan Smith,Consumer,Mexico,Ochoachester,CT,28686
C379,Robert Armstrong,Home Office,Mexico,Jeffreyland,OH,25870
C380,Douglas Thompson,Corporate,Mexico,New Susanshire,CT,34676
C381,Casey White,Home Office,Mexico,East Robert,NM,48576
C382,Jon Wagner,Consumer,Mexico,Lake Kristenside,GA,12717
C383,Donna Peck,Home Office,Mexico,Lauraville,DC,53654
C384,George Evans,Home Office,Mexico,Lake Linda,CA,00901
C385,Ashley Holland,Corporate,Mexico,North Alexandrafort,NE,20495
C386,John Martinez,Home Office,Mexico,Schaeferton,PA,86790
C387,Jerry Russell,Consumer,Mexico,East Melissa,AZ,19741
C388,Joshua Gonzales PhD,Corporate,Mexico,North Jonathanbury,OH,37868
C389,Stephanie Nelson,Corporate,Mexico,Mitchellberg,ND,77561
C390,Angela Davis,Home Office,Mexico,New Brandyview,WV,06466
C391,Amber Young,Consumer,Mexico,North Amybury,MD,30926
C392,Jenny Johnson,Consumer,Mexico,Danielleview,WV,83475
C393,Brian Contreras,Consumer,Mexico,Grimesberg,WA,69900
C394,Alexandra Norris DDS,Home Office,Mexico,East Amandatown,IA,09899
C395,Michael Sullivan,Home Office,Mexico,Port Jesse,ID,31957
C396,Anthony Johnson,Consumer,Mexico,Morrischester,AK,76578
C397,John Briggs,Home Office,Mexico,Port Johnland,OK,37963
C398,Bradley Brown,Home Office,Mexico,North Jason,LA,62621
C399,Jessica Jimenez,Home Office,Mexico,Jonesshire,MA,05494
C400,Jill Beard,Consumer,Mexico,Whitemouth,KY,22789
C401,Dawn Robinson,Corporate,Mexico,Tranview,KY,29254
C402,Bethany Barker,Home Office,Mexico,Walkerstad,VT,23251
C403,Debbie Nelson,Consumer,Mexico,Thomasborough,CT,29699
C404,Taylor Welch,Consumer,Mexico,North Christophertown,KY,68701
C405,Jackson Taylor,Consumer,Mexico,Curtisberg,GA,17762
C406,Brandon Gonzalez,Home Office,Mexico,New Andrea,OH,64066
C407,Chad Williams,Consumer,Mexico,East Megan,DE,37963
C408,Christine Johnson,Corporate,Mexico,South Diamondberg,NH,13376
C409,Scott Pace MD,Corporate,Mexico,Port Jason,AK,24859
C410,Stephanie Ferguson,Consumer,Mexico,North Joshua,FL,08080
C411,Patricia Peters,Corporate,Mexico,Brianshire,TN,99389
C412,Autumn Hammond,Home Office,Mexico,North Krystalhaven,SD,45887
C413,Steven French,Corporate,Mexico,South Meganbury,RI,74422
C414,Diane Gray,Consumer,Mexico,Josephport,OK,60784
C415,Chad Brown,Consumer,Mexico,Garyton,AL,93115
C416,Ann Snyder,Home Office,Mexico,Kathleenmouth,RI,44426
C417,Ashley Franco,Home Office,Mexico,North Joshua,MN,44820
C418,Tanya Hill,Corporate,Mexico,New Rachel,WY,67813
C419,Hunter Richards,Corporate,Mexico,Michaeltown,GA,21735
C420,Anthony Khan,Corporate,Mexico,Port Jennifer,MO,38953
C421,Rose Lewis,Corporate,Mexico,Mooreshire,NE,85616
C422,Martin Wallace,Corporate,Mexico,Donovantown,IN,39615
C423,David Hansen,Home Office,Mexico,North Anthony,IA,65134
C424,Kelly Morrison,Corporate,Mexico,North Charles,AZ,26246
C425,Daniel Sanders,Consumer,Mexico,West Matthew,HI,76232
C426,William Pearson,Consumer,Mexico,West Garyshire,ND,43485
C427,Jay Johnson,Consumer,Mexico,South Tracishire,ME,25460
C428,Jason Ward,Home Office,Mexico,New Cynthiafurt,IN,87007
C429,Jennifer Chandler,Corporate,Mexico,Ramirezborough,ID,36217
C430,Danny Navarro,Corporate,Mexico,Debraburgh,GA,34081
C431,Jeff White,Corporate,Mexico,Lake Haleyburgh,OR,39956
C432,Sarah Bailey,Consumer,Mexico,South Sherri,MN,44913
C433,Daniel Rocha,Corporate,Mexico,Port Ryanstad,OH,69866
C434,Victoria Woods,Home Office,Mexico,Nicholsmouth,NV,84423
C435,Anthony Bowen,Consumer,Mexico,Andrewburgh,MD,52065
C436,Jodi Anderson,Consumer,Mexico,Lake Karenshire,AK,74817
C437,Emily Cooper,Home Office,Mexico,West Desiree,VA,09111
C438,William Taylor,Corporate,Mexico,Port Reneeberg,NE,27414
C439,Henry Rodriguez,Home Office,Mexico,Kimberlyside,MT,24768
C440,Joel Matthews,Home Office,Mexico,Pagefurt,KY,43458
C441,Beverly Gutierrez MD,Consumer,Mexico,Franklinville,WA,01172
C442,Nicole Molina,Home Office,Mexico,Williamsport,OK,99121
C443,Emily Roman,Corporate,Mexico,Josephfort,NM,36887
C444,Kathryn Watson,Home Office,Mexico,Lake Colton,CO,95726
C445,James Greer,Corporate,Mexico,New Alexisport,ND,95345
C446,Sarah Moore,Corporate,Mexico,Peterport,NE,39078
C447,Steven Molina,Consumer,Mexico,West Michaelmouth,CT,93988
C448,Lisa Klein,Corporate,Mexico,Davisville,AK,42720
C449,Denise Mckinney,Home Office,Mexico,North Loganmouth,CT,32732
C450,Mario Willis,Consumer,Mexico,Johnsontown,WV,92269
C451,Martha Lopez,Consumer,Mexico,East Matthew,SD,69959
C452,David Lee,Home Office,Mexico,South Sharonshire,AZ,50343
C453,Angela Smith,Home Office,Mexico,New Michael,AK,50948
C454,Cindy Bryant,Corporate,Mexico,Schwartzborough,NM,79122
C455,Wendy Casey,Consumer,Mexico,Spencerfurt,IA,60895
C456,Brittany Jones,Corporate,Mexico,Hannahview,DE,43935
C457,Jennifer Ramos,Corporate,Mexico,Scottview,IL,17611
C458,Donald Gonzalez,Consumer,Mexico,Port Melaniestad,NH,68326
C459,Pamela Wright,Corporate,Mexico,West Davidchester,ME,49987
C460,Steven Ramsey,Home Office,Mexico,Lake Heatherchester,CT,59077
C461,Daniel Cooper,Home Office,Mexico,Kennedystad,KY,04535
C462,Lindsay Cooper,Home Office,Mexico,North Cynthia,AZ,10019
C463,Nicole Hudson,Consumer,Mexico,Castilloside,WI,73701
C464,Stephen Alexander,Consumer,Mexico,New Jessicahaven,IN,44512
C465,Cynthia Juarez,Home Office,Mexico,Trevorburgh,MO,28495
C466,Kaitlin Cross,Home Office,Mexico,North Laura,ID,40475
C467,Chelsea Bennett,Consumer,Mexico,Youngbury,AK,96694
C468,Wesley Buckley,Corporate,Mexico,East Cheryltown,HI,81190
C469,Jesse Allen,Corporate,Mexico,West Marthahaven,MO,58885
C470,Jennifer Martin,Corporate,Mexico,New Felicia,WI,47218
C471,Tracy Porter,Home Office,Mexico,Graceport,NV,64978
C472,Robert Flores,Corporate,Mexico,New Ashley,WY,82134
C473,Michael Cummings,Consumer,Mexico,Lake Sandrafurt,MN,65755
C474,Kenneth Garcia,Consumer,Mexico,New Michaeltown,RI,11154
C475,Craig Horne,Corporate,Mexico,East Whitneymouth,MO,46382
C476,Casey Robinson,Home Office,Mexico,Derrickville,TX,28334
C477,Nathan House,Corporate,Mexico,Lake Carolyn,FL,08808
C478,James Sullivan,Corporate,Mexico,Laurachester,CA,35790
C479,Joseph Mcintyre,Consumer,Mexico,Adkinsport,TX,17086
C480,Nichole Monroe,Home Office,Mexico,Yoderbury,OH,19031
C481,Brandy Peterson,Corporate,Mexico,North Briannashire,KY,30184
C482,Daniel Brown,Consumer,Mexico,Tinamouth,HI,76658
C483,Christopher Olson,Consumer,Mexico,South Josephmouth,VA,90960
C484,Janice Black,Home Office,Mexico,West Taylorland,IL,00596
C485,Jennifer Price,Home Office,Mexico,West Justinville,MT,04757
C486,Steven Cunningham PhD,Corporate,Mexico,North Marilynport,IN,81945
C487,Olivia Gutierrez,Consumer,Mexico,North Patricia,WY,91009
C488,Travis Mcdonald,Corporate,Mexico,Scottburgh,WA,98412
C489,Linda Pacheco,Consumer,Mexico,Ronaldside,MO,10929
C490,Jessica Hall,Corporate,Mexico,New Katherine,DE,66821
C491,James Anderson,Corporate,Mexico,North Steven,NV,38741
C492,Nicholas Mitchell,Consumer,Mexico,Fraziertown,LA,95766
C493,Michelle Murray,Consumer,Mexico,North Kellymouth,AZ,59904
C494,Holly Price,Home Office,Mexico,Lake Richardberg,NE,32708
C495,Ronald Young,Consumer,Mexico,East Katherinestad,VT,53237
C496,Julie Murray,Corporate,Mexico,Douglasshire,OK,09682
C497,Kimberly Jackson,Corporate,Mexico,Rasmussenland,ME,47235
C498,Kari Fernandez,Corporate,Mexico,East Miguel,ND,07493
C499,Katrina Patel,Consumer,Mexico,Lisaborough,ND,00544
C500,Matthew Roberts,Corporate,Mexico,North Brianland,SD,17236
