ProductID,ProductName,Category,SubCategory,Price
P001,College Long,Technology,Phones,1338.04
P002,Wall Performance,Office Supplies,Storage,875.13
P003,Now Age,Furniture,Tables,801.83
P004,Measure Still,Furniture,Bookcases,1269.22
P005,Position Nearly,Technology,Phones,875.74
P006,Go Relate,Office Supplies,Art,383.67
P007,Full Until,Office Supplies,Storage,855.42
P008,Speak Assume,Office Supplies,Writing,446.87
P009,Style Their,Office Supplies,Storage,1118.39
P010,Or Issue,Technology,Computers,897.68
P011,Simply Church,Technology,Computers,1168.68
P012,Against Brother,Office Supplies,Storage,338.67
P013,Business Fill,Furniture,Chairs,1831.39
P014,Baby Fly,Furniture,Bookcases,538.26
P015,Red Around,Technology,Accessories,1109.01
P016,Throughout Consider,Furniture,Chairs,1448.58
P017,Station Ago,Office Supplies,Art,1705.93
P018,Keep Last,Office Supplies,Art,1842.52
P019,College Through,Office Supplies,Art,1533.01
P020,Of Half,Furniture,Bookcases,653.43
P021,Enter Above,Technology,Accessories,877.31
P022,Game Stop,Technology,Phones,562.48
P023,Policy Occur,Furniture,Tables,473.42
P024,Spend Between,Office Supplies,Writing,1611.02
P025,Lose Protect,Office Supplies,Writing,1781.83
P026,Pay See,Technology,Accessories,55.41
P027,Central Street,Technology,Computers,1938.29
P028,Work These,Office Supplies,Storage,1498.37
P029,Foreign Think,Furniture,Bookcases,233.2
P030,Reduce Music,Office Supplies,Storage,1086.65
P031,One Loss,Furniture,Bookcases,1232.93
P032,Offer Lose,Technology,Accessories,1991.85
P033,Language Prevent,Furniture,Tables,1898.75
P034,Politics Include,Office Supplies,Art,1989.62
P035,Color Send,Office Supplies,Writing,1107.72
P036,Order Police,Office Supplies,Writing,1774.29
P037,Bed Eat,Office Supplies,Writing,197.65
P038,Middle Politics,Office Supplies,Writing,63.41
P039,Ahead House,Furniture,Chairs,1273.33
P040,Question Show,Office Supplies,Writing,93.03
P041,Control Model,Office Supplies,Art,1616.6
P042,Town Reach,Office Supplies,Art,623.04
P043,His Ok,Technology,Phones,1021.34
P044,Bring Myself,Office Supplies,Writing,1415.31
P045,Age Trip,Office Supplies,Writing,1537.0
P046,Price Time,Furniture,Chairs,776.57
P047,Indeed Half,Furniture,Bookcases,215.25
P048,In Police,Office Supplies,Storage,894.01
P049,East Help,Furniture,Chairs,1530.76
P050,Yet New,Technology,Accessories,1670.42
P051,Then Race,Technology,Computers,962.77
P052,Record Star,Technology,Phones,1884.99
P053,Us For,Office Supplies,Writing,1971.59
P054,Team Green,Technology,Computers,1493.85
P055,Real Walk,Office Supplies,Storage,1963.29
P056,Especially Indicate,Furniture,Tables,984.73
P057,High Occur,Furniture,Chairs,1261.76
P058,Into Student,Office Supplies,Art,1303.98
P059,Far Look,Technology,Computers,1305.79
P060,Including Moment,Furniture,Tables,272.69
P061,Information Break,Office Supplies,Writing,1355.02
P062,Lay Fish,Furniture,Bookcases,307.46
P063,Fall Set,Technology,Computers,1317.76
P064,Meeting College,Office Supplies,Writing,787.66
P065,Skill Statement,Office Supplies,Writing,988.83
P066,Blood Yes,Furniture,Bookcases,760.07
P067,Manage Woman,Technology,Phones,885.06
P068,Need That,Technology,Phones,1679.68
P069,Political Must,Furniture,Bookcases,938.36
P070,Before Director,Furniture,Bookcases,1726.7
P071,Radio Explain,Technology,Phones,1910.46
P072,Produce President,Office Supplies,Writing,782.93
P073,Son Information,Furniture,Bookcases,1224.42
P074,Game Prevent,Furniture,Bookcases,1796.17
P075,Hot Itself,Technology,Phones,1789.58
P076,Wind Value,Technology,Computers,1035.01
P077,Color He,Furniture,Tables,1229.97
P078,Hand Show,Office Supplies,Writing,1431.79
P079,Audience Sort,Technology,Computers,1173.62
P080,Whatever Get,Technology,Accessories,719.05
P081,Rate Down,Technology,Accessories,786.62
P082,Product Cup,Furniture,Chairs,1739.66
P083,Deal Morning,Office Supplies,Storage,1688.72
P084,Responsibility Drug,Furniture,Chairs,118.95
P085,Myself Ready,Furniture,Bookcases,1783.06
P086,Rest Available,Office Supplies,Writing,1583.52
P087,Loss Say,Furniture,Bookcases,689.35
P088,Radio If,Furniture,Chairs,514.49
P089,Quality Watch,Office Supplies,Storage,181.06
P090,Let Avoid,Furniture,Chairs,216.22
P091,Wife Policy,Office Supplies,Art,647.44
P092,Take Style,Technology,Accessories,1984.33
P093,Democratic Enjoy,Furniture,Bookcases,1923.42
P094,Agent Speech,Furniture,Tables,806.03
P095,Move Because,Technology,Phones,1502.73
P096,After My,Office Supplies,Writing,1280.28
P097,Activity Increase,Office Supplies,Storage,1773.35
P098,Safe Increase,Office Supplies,Art,152.64
P099,Property Rule,Furniture,Bookcases,925.12
P100,Computer Generation,Technology,Accessories,1932.66
P101,Their Generation,Office Supplies,Storage,107.22
P102,She Might,Office Supplies,Writing,1789.09
P103,Onto Full,Technology,Computers,1059.19
P104,Head Name,Office Supplies,Art,840.83
P105,Worker Down,Furniture,Chairs,1587.68
P106,Government Red,Technology,Computers,697.25
P107,Low Measure,Furniture,Bookcases,1865.2
P108,Action Bad,Technology,Accessories,280.75
P109,Fill Kid,Technology,Accessories,931.63
P110,Easy Us,Technology,Computers,140.71
P111,Any Election,Office Supplies,Art,222.89
P112,Walk Project,Furniture,Bookcases,61.6
P113,Return Crime,Office Supplies,Storage,223.09
P114,Serve Everyone,Furniture,Bookcases,687.58
P115,Nothing Politics,Office Supplies,Storage,953.98
P116,West Thought,Office Supplies,Art,110.99
P117,Media Teacher,Furniture,Chairs,1811.92
P118,Go You,Furniture,Bookcases,1682.16
P119,Gun Appear,Office Supplies,Storage,734.76
P120,Thousand Eight,Office Supplies,Writing,416.88
P121,Beyond Across,Technology,Computers,369.68
P122,Then Difference,Technology,Phones,1252.07
P123,Close Someone,Office Supplies,Art,186.68
P124,Season Age,Technology,Computers,991.59
P125,Increase Because,Technology,Computers,1216.55
P126,Interview Else,Office Supplies,Art,624.08
P127,Standard Page,Office Supplies,Storage,454.22
P128,Idea All,Furniture,Tables,1740.08
P129,Statement Perform,Office Supplies,Writing,241.65
P130,Federal Rate,Furniture,Tables,709.92
P131,Foreign Discuss,Office Supplies,Art,1650.39
P132,Side Thousand,Technology,Accessories,1693.71
P133,Body Reach,Office Supplies,Art,829.49
P134,Treatment Class,Office Supplies,Art,11.3
P135,Clear Yourself,Office Supplies,Writing,1644.6
P136,Assume Camera,Office Supplies,Writing,608.51
P137,Individual Style,Technology,Accessories,1282.86
P138,Land Resource,Technology,Accessories,1958.89
P139,Today Again,Furniture,Chairs,437.39
P140,Before Despite,Technology,Phones,1644.68
P141,Mother Compare,Office Supplies,Writing,596.14
P142,Bit Exist,Furniture,Chairs,737.05
P143,Particularly Major,Furniture,Tables,700.44
P144,Really Team,Office Supplies,Storage,550.89
P145,Community Record,Office Supplies,Writing,329.09
P146,Avoid Up,Technology,Accessories,1374.86
P147,Indeed Rest,Furniture,Tables,414.66
P148,Back Anything,Office Supplies,Writing,767.96
P149,We Stock,Furniture,Chairs,696.15
P150,Top Customer,Technology,Accessories,1992.25
P151,Affect Development,Technology,Phones,1523.86
P152,Seven School,Furniture,Bookcases,422.5
P153,Ever Trade,Technology,Phones,1213.62
P154,Successful Company,Technology,Computers,400.5
P155,Benefit Camera,Technology,Computers,567.85
P156,Star Set,Technology,Phones,5.86
P157,North Right,Office Supplies,Storage,609.65
P158,Factor Amount,Technology,Accessories,208.06
P159,Hotel Another,Office Supplies,Art,1283.03
P160,Opportunity Finally,Office Supplies,Writing,79.71
P161,Be Manager,Office Supplies,Storage,625.62
P162,Stand His,Technology,Accessories,370.17
P163,Apply Air,Furniture,Chairs,1423.49
P164,Specific No,Technology,Computers,27.32
P165,Third Buy,Technology,Phones,911.28
P166,Only Least,Office Supplies,Art,323.59
P167,With General,Office Supplies,Art,1970.65
P168,Show History,Furniture,Tables,20.83
P169,Him Production,Furniture,Tables,1031.05
P170,Score Particular,Furniture,Bookcases,598.78
P171,Begin Attention,Technology,Accessories,1359.83
P172,Explain Indeed,Office Supplies,Storage,30.9
P173,Pay School,Office Supplies,Storage,983.9
P174,Second All,Office Supplies,Art,177.32
P175,Left Join,Furniture,Chairs,1255.83
P176,Field So,Furniture,Bookcases,1522.05
P177,How Red,Furniture,Bookcases,77.21
P178,Make Himself,Technology,Accessories,112.18
P179,Soon Boy,Office Supplies,Storage,503.66
P180,Policy Hour,Technology,Computers,1542.91
P181,Improve Hard,Technology,Accessories,1217.13
P182,Season Another,Technology,Computers,1261.03
P183,Skin Garden,Office Supplies,Writing,988.57
P184,Ready Identify,Office Supplies,Writing,572.72
P185,Hear The,Furniture,Chairs,327.08
P186,Girl Though,Technology,Computers,994.1
P187,Specific Yard,Furniture,Tables,105.57
P188,Voice Group,Furniture,Tables,565.8
P189,Blue Resource,Technology,Computers,1062.46
P190,Including Section,Technology,Computers,860.25
P191,Baby Apply,Office Supplies,Art,1146.55
P192,Evening Network,Furniture,Bookcases,1310.16
P193,Total Describe,Technology,Accessories,221.04
P194,Total Somebody,Furniture,Bookcases,1861.85
P195,Sit Actually,Office Supplies,Art,1171.46
P196,Well Way,Furniture,Tables,128.96
P197,Good Fly,Office Supplies,Art,1409.81
P198,Wrong Show,Furniture,Bookcases,484.72
P199,Experience Mention,Furniture,Chairs,1286.91
P200,Each Address,Furniture,Tables,661.71
P201,Magazine Much,Technology,Phones,442.93
P202,Challenge Party,Office Supplies,Writing,1111.39
P203,By Remain,Technology,Accessories,429.97
P204,Ability Conference,Furniture,Chairs,1534.01
P205,Data Fish,Furniture,Chairs,1436.95
P206,Over Week,Technology,Accessories,494.11
P207,Size Already,Technology,Phones,1379.54
P208,Else Test,Technology,Computers,423.04
P209,Time Report,Furniture,Tables,656.59
P210,Easy Area,Technology,Computers,1502.04
P211,Up Arrive,Office Supplies,Storage,700.98
P212,Trouble Respond,Furniture,Bookcases,1161.04
P213,Occur Special,Furniture,Bookcases,407.59
P214,Today Way,Office Supplies,Art,1331.51
P215,Range Career,Furniture,Tables,1504.51
P216,Summer Source,Technology,Computers,866.89
P217,Respond Late,Furniture,Chairs,1431.98
P218,Along Security,Office Supplies,Writing,774.28
P219,Young Talk,Technology,Phones,225.08
P220,President Its,Technology,Phones,896.21
P221,Find Leg,Furniture,Bookcases,1618.82
P222,Full Start,Office Supplies,Storage,1190.46
P223,As Hair,Office Supplies,Writing,932.53
P224,Image Them,Office Supplies,Art,1294.28
P225,Stand Unit,Office Supplies,Storage,1387.35
P226,Newspaper Significant,Furniture,Tables,1422.4
P227,Analysis And,Furniture,Tables,975.45
P228,Since Lead,Office Supplies,Writing,1053.72
P229,Data None,Office Supplies,Writing,403.71
P230,Per Medical,Technology,Accessories,1531.49
P231,Whatever Environment,Technology,Accessories,1743.66
P232,Read Test,Office Supplies,Writing,933.48
P233,Degree Fight,Office Supplies,Writing,1579.87
P234,Simply Challenge,Furniture,Tables,1875.18
P235,Street Camera,Office Supplies,Storage,57.96
P236,Region Final,Office Supplies,Storage,703.02
P237,Whether Feeling,Furniture,Tables,949.87
P238,Quickly Away,Furniture,Tables,1126.64
P239,Order Consider,Technology,Phones,1398.62
P240,Mrs Better,Furniture,Tables,1925.91
P241,Rise Forward,Furniture,Tables,913.99
P242,So Face,Technology,Computers,467.06
P243,Name Group,Technology,Phones,971.23
P244,Look Change,Furniture,Tables,1829.67
P245,Point Seven,Furniture,Tables,1534.18
P246,Ready Man,Technology,Phones,926.85
P247,Hold Machine,Furniture,Tables,1210.06
P248,Yes Hot,Furniture,Tables,334.74
P249,Avoid Provide,Furniture,Tables,720.11
P250,Beat Forward,Office Supplies,Writing,1491.2
P251,School Say,Technology,Phones,1054.02
P252,Send People,Furniture,Bookcases,1615.12
P253,Land Stay,Office Supplies,Writing,1884.78
P254,Treatment Happy,Technology,Phones,1840.85
P255,Well Nation,Office Supplies,Storage,1979.29
P256,Purpose Space,Technology,Computers,778.36
P257,Live Offer,Office Supplies,Writing,469.85
P258,Occur Control,Furniture,Tables,949.42
P259,Husband Your,Furniture,Chairs,1658.08
P260,Can Next,Technology,Computers,822.61
P261,Role Significant,Office Supplies,Storage,895.28
P262,While Should,Furniture,Tables,169.48
P263,Wife Stage,Technology,Accessories,1981.81
P264,Leg Feel,Office Supplies,Storage,368.4
P265,Ago Woman,Technology,Computers,878.85
P266,Hand Still,Technology,Computers,332.78
P267,Produce Remember,Office Supplies,Writing,647.34
P268,Front Good,Furniture,Chairs,64.74
P269,Determine Full,Office Supplies,Storage,132.99
P270,Base Prevent,Office Supplies,Writing,556.88
P271,Office Strong,Office Supplies,Writing,1899.91
P272,Laugh Focus,Technology,Phones,1784.9
P273,Rich Wife,Technology,Phones,487.94
P274,Right Eight,Office Supplies,Art,275.87
P275,Some Weight,Furniture,Bookcases,377.6
P276,Away Or,Furniture,Tables,173.74
P277,Letter Pull,Technology,Accessories,856.12
P278,Drop Class,Furniture,Tables,1665.27
P279,Also What,Office Supplies,Art,428.13
P280,Animal Would,Technology,Accessories,1775.95
P281,Market May,Office Supplies,Storage,406.67
P282,Four Cup,Office Supplies,Writing,411.88
P283,Cup Cell,Technology,Computers,1423.84
P284,Over Road,Office Supplies,Storage,1531.55
P285,Defense Player,Office Supplies,Art,801.28
P286,Participant Despite,Furniture,Tables,1214.46
P287,Cold Growth,Technology,Phones,1494.94
P288,Movie High,Furniture,Tables,751.34
P289,Professional Agency,Office Supplies,Writing,115.25
P290,Or Company,Office Supplies,Writing,287.37
P291,Night Prepare,Technology,Computers,1730.2
P292,Clearly Report,Technology,Accessories,547.99
P293,Head Office,Furniture,Chairs,346.08
P294,Ball Check,Furniture,Chairs,521.89
P295,Miss Fine,Technology,Accessories,1554.66
P296,Here Final,Office Supplies,Art,500.41
P297,Ready Also,Furniture,Tables,427.76
P298,Congress Down,Technology,Phones,1082.93
P299,Human Cup,Office Supplies,Art,958.24
P300,Contain Red,Technology,Computers,341.17
P301,Daughter Bring,Technology,Computers,1520.96
P302,Of Feel,Office Supplies,Writing,1312.82
P303,Decade Pull,Technology,Phones,1695.97
P304,Government Example,Furniture,Tables,957.63
P305,Against Model,Technology,Phones,244.13
P306,Other Often,Furniture,Chairs,710.99
P307,Prove Whole,Technology,Phones,1082.34
P308,Dark Measure,Office Supplies,Storage,1301.35
P309,Dream General,Furniture,Tables,1587.15
P310,Beautiful Detail,Office Supplies,Storage,288.38
P311,Town Outside,Furniture,Bookcases,191.84
P312,Exist Meet,Office Supplies,Storage,413.35
P313,Born Work,Office Supplies,Art,1270.44
P314,Above Culture,Furniture,Bookcases,819.22
P315,Front Cause,Furniture,Bookcases,204.18
P316,Call Inside,Furniture,Tables,114.41
P317,Want Network,Furniture,Bookcases,433.5
P318,Remain Research,Office Supplies,Writing,1278.25
P319,Meeting Ahead,Furniture,Chairs,33.92
P320,Serious Sure,Furniture,Tables,1625.05
P321,Note Discussion,Furniture,Tables,1332.05
P322,Behavior Attention,Technology,Phones,24.66
P323,Act Employee,Office Supplies,Art,1258.35
P324,Mother Morning,Office Supplies,Writing,860.08
P325,Energy Prove,Furniture,Bookcases,1199.73
P326,Movie Safe,Office Supplies,Art,1129.99
P327,Purpose City,Office Supplies,Storage,494.14
P328,Table Deal,Office Supplies,Storage,128.21
P329,Scientist Professor,Office Supplies,Art,226.7
P330,Left Prevent,Furniture,Chairs,323.23
P331,Address And,Technology,Computers,1952.78
P332,Our High,Technology,Computers,412.92
P333,My Wonder,Office Supplies,Storage,1617.07
P334,Sport Give,Furniture,Chairs,1470.86
P335,Report Choose,Technology,Computers,499.68
P336,Young Tv,Furniture,Chairs,757.67
P337,Practice When,Technology,Phones,66.73
P338,Education Itself,Technology,Phones,313.33
P339,Tough Wrong,Technology,Phones,1587.39
P340,Raise Smile,Technology,Phones,1226.75
P341,Financial Open,Furniture,Tables,1410.16
P342,State Book,Furniture,Chairs,1691.37
P343,Population Something,Furniture,Chairs,1336.68
P344,Chance Major,Furniture,Bookcases,1323.46
P345,Quality Executive,Technology,Computers,145.0
P346,Help Old,Office Supplies,Art,1202.48
P347,Effect Wait,Furniture,Chairs,492.3
P348,Front Dog,Furniture,Bookcases,876.18
P349,Right Pay,Technology,Accessories,1809.12
P350,Help Meet,Office Supplies,Storage,411.34
P351,Little Responsibility,Furniture,Tables,747.47
P352,Per Skill,Furniture,Bookcases,941.16
P353,Huge Even,Technology,Phones,669.62
P354,Issue Southern,Office Supplies,Art,1052.2
P355,Forget See,Technology,Phones,867.15
P356,Road Citizen,Office Supplies,Storage,252.71
P357,Per Congress,Technology,Accessories,650.29
P358,Popular Choose,Technology,Computers,555.94
P359,Source More,Office Supplies,Writing,533.57
P360,Subject Economic,Office Supplies,Storage,1459.85
P361,Food Every,Office Supplies,Art,986.38
P362,Agent Call,Office Supplies,Writing,691.98
P363,General Suggest,Furniture,Chairs,1941.02
P364,But Along,Technology,Computers,366.2
P365,Run They,Office Supplies,Storage,1119.99
P366,Interview Help,Furniture,Chairs,719.97
P367,Son Benefit,Office Supplies,Writing,1140.6
P368,Consumer According,Furniture,Tables,460.91
P369,Experience Hospital,Office Supplies,Writing,879.27
P370,Table Number,Furniture,Chairs,297.21
P371,Everybody Her,Office Supplies,Storage,500.97
P372,Thought See,Technology,Accessories,878.12
P373,Keep Suffer,Office Supplies,Writing,664.69
P374,Laugh Employee,Technology,Accessories,1033.53
P375,Animal Born,Furniture,Chairs,690.0
P376,Eat Glass,Technology,Accessories,806.66
P377,Through Watch,Technology,Accessories,900.67
P378,Per Stuff,Technology,Computers,1454.29
P379,Data Decision,Furniture,Chairs,1594.77
P380,Operation Seven,Furniture,Tables,374.83
P381,Design Color,Office Supplies,Art,1118.17
P382,Heavy Throughout,Technology,Computers,1195.56
P383,Movie Table,Furniture,Chairs,1606.67
P384,Evidence Instead,Technology,Computers,1831.44
P385,Group Later,Furniture,Bookcases,1012.66
P386,Thousand Air,Technology,Computers,1761.31
P387,Kid Debate,Furniture,Tables,1083.46
P388,Amount Impact,Office Supplies,Storage,772.27
P389,Staff Others,Furniture,Bookcases,1202.34
P390,Name South,Technology,Accessories,1874.31
P391,Adult Send,Technology,Computers,585.76
P392,Listen Simple,Technology,Computers,80.8
P393,Cold Thus,Office Supplies,Art,553.14
P394,Safe Television,Technology,Computers,1882.99
P395,Room You,Furniture,Chairs,1403.0
P396,Break Deal,Furniture,Tables,1599.19
P397,Girl Campaign,Technology,Computers,439.56
P398,Sing Clear,Furniture,Chairs,986.78
P399,Father Wife,Furniture,Chairs,1799.98
P400,Central Main,Furniture,Tables,754.41
P401,Your Point,Furniture,Tables,1604.81
P402,Account Particular,Office Supplies,Writing,1984.24
P403,End Town,Technology,Phones,290.89
P404,Yourself Safe,Office Supplies,Writing,1929.86
P405,Less Pay,Technology,Computers,1928.35
P406,Let Say,Furniture,Bookcases,1722.64
P407,Difficult Imagine,Furniture,Bookcases,380.79
P408,Wrong Drug,Furniture,Tables,388.95
P409,Dream Else,Office Supplies,Art,585.99
P410,Show Glass,Technology,Computers,1199.91
P411,Foot Us,Furniture,Bookcases,1297.05
P412,Mention Television,Furniture,Tables,1893.06
P413,Every Organization,Technology,Accessories,66.81
P414,Official Agency,Technology,Phones,400.32
P415,Type Develop,Furniture,Tables,1087.51
P416,Capital Day,Office Supplies,Writing,678.4
P417,Less This,Technology,Accessories,815.69
P418,Image Movie,Technology,Computers,1832.98
P419,Bit Similar,Office Supplies,Storage,1764.11
P420,Also Weight,Furniture,Tables,1004.72
P421,Eight Set,Furniture,Bookcases,211.54
P422,Language Mission,Technology,Accessories,1688.09
P423,Hear Already,Furniture,Bookcases,1880.61
P424,Read Across,Furniture,Bookcases,1134.86
P425,Head Ever,Furniture,Bookcases,1963.95
P426,Sometimes Measure,Technology,Accessories,190.14
P427,Process Floor,Technology,Computers,349.17
P428,Red Training,Furniture,Bookcases,1350.95
P429,Bill Majority,Technology,Accessories,966.94
P430,Forget Professor,Technology,Accessories,608.32
P431,Enter Political,Office Supplies,Storage,1725.4
P432,Role Any,Furniture,Tables,1926.25
P433,Season Edge,Office Supplies,Writing,557.72
P434,Product Court,Furniture,Chairs,1414.44
P435,Inside Still,Office Supplies,Art,242.08
P436,Really Everybody,Furniture,Tables,597.39
P437,Toward Interview,Furniture,Chairs,1677.73
P438,Animal Democratic,Office Supplies,Storage,1015.41
P439,There East,Technology,Phones,568.0
P440,Company Wear,Technology,Computers,474.81
P441,Through If,Furniture,Tables,981.34
P442,Bill Media,Furniture,Tables,173.5
P443,Feeling Those,Furniture,Tables,436.98
P444,Impact Past,Furniture,Tables,1494.55
P445,Cold Develop,Office Supplies,Storage,1492.19
P446,Affect Training,Technology,Computers,362.03
P447,Language Or,Furniture,Bookcases,145.61
P448,Church Medical,Office Supplies,Art,1776.2
P449,Partner Room,Office Supplies,Art,1537.36
P450,Will Choose,Furniture,Chairs,130.72
P451,Leader Though,Furniture,Tables,1524.48
P452,Machine Chair,Technology,Phones,35.41
P453,Imagine Buy,Technology,Computers,729.75
P454,Mind Us,Technology,Computers,345.66
P455,Director Speech,Office Supplies,Art,824.58
P456,Card Manager,Furniture,Chairs,1318.52
P457,Road It,Office Supplies,Storage,1344.44
P458,Idea Your,Technology,Computers,1384.74
P459,Determine Scene,Furniture,Bookcases,862.77
P460,Bill Surface,Technology,Computers,1902.65
P461,Trial Save,Furniture,Chairs,868.55
P462,Less Determine,Office Supplies,Writing,1536.56
P463,Key Government,Technology,Computers,1350.78
P464,Design Hundred,Furniture,Bookcases,1283.51
P465,Size Fly,Office Supplies,Writing,1539.18
P466,Pressure Wrong,Technology,Computers,1168.84
P467,Collection Teacher,Office Supplies,Storage,934.57
P468,Ok Around,Technology,Computers,1013.32
P469,Role Produce,Furniture,Bookcases,499.32
P470,Keep Mouth,Office Supplies,Storage,1558.58
P471,Up Himself,Furniture,Bookcases,377.59
P472,Build Everybody,Furniture,Tables,1600.98
P473,It Ever,Technology,Phones,412.58
P474,Model National,Furniture,Bookcases,1616.01
P475,Write Size,Furniture,Tables,963.64
P476,Federal Consumer,Furniture,Bookcases,1887.56
P477,Manager Every,Office Supplies,Writing,1696.73
P478,School System,Office Supplies,Storage,806.38
P479,Create Quite,Furniture,Chairs,836.93
P480,Crime End,Furniture,Chairs,118.66
P481,I Partner,Office Supplies,Writing,1315.1
P482,Modern Around,Technology,Computers,166.33
P483,During Pressure,Technology,Phones,1884.07
P484,All Finally,Furniture,Chairs,718.1
P485,Instead Customer,Furniture,Chairs,1096.52
P486,Reality Face,Office Supplies,Storage,492.4
P487,Specific Lot,Furniture,Bookcases,459.61
P488,Stock Might,Technology,Computers,324.12
P489,Local Consider,Office Supplies,Writing,364.07
P490,Carry Section,Furniture,Tables,1144.46
P491,Woman Usually,Furniture,Tables,1047.18
P492,Daughter Mention,Office Supplies,Storage,317.62
P493,Event Rather,Technology,Accessories,1550.76
P494,Medical Discover,Office Supplies,Art,1701.61
P495,Experience Recent,Office Supplies,Writing,1563.66
P496,Visit Million,Furniture,Chairs,1852.33
P497,Health Watch,Furniture,Bookcases,217.6
P498,Treatment Technology,Technology,Phones,845.43
P499,Character Sound,Furniture,Tables,281.18
P500,Scientist Consider,Technology,Accessories,1229.65
